orig_index,webTitle,final_labels
8116,Kent boat rescue: two Britons charged with people smuggling,both
6824,High school basketball player says he was unaware he is actually 29,neither
86220,Lorry deaths: police face trust problem over appeal to Vietnamese migrants,both
62924,Italy releases Tunisian fishermen held on suspicion of smuggling migrants,both
61052,White House: immigrant accused of killing Mollie Tibbetts ‘permanently separated’ family,both
75673,The World Is Yours review – brash Franco-crime caper,neither
68168,How many migrant children are detained in US custody?,immigration_only
64728,Convicted former UBS trader faces imminent deportation,both
61055,Republicans seize on Iowa murder to turn focus from Trump to immigration,both
16675,"Girl held in detention for more than two years may have been falsely imprisoned, say lawyers",immigration_only
87301,"Exclusive: Texas immigration center guard accused of assaulting boy, five",both
138924,Liverpool bomber had asylum claim rejected six years before attack,both
142478,Poland detains activists accused of smuggling migrants over Belarus border ,both
87120,Migrant deaths: Britain faces exclusion from elite EU policing unit,both
33777,Manus Island refugee 'needs medical treatment in Australia' after alleged knife attack,both
110597,Croatia denies migrant border attacks after new reports of brutal pushbacks,both
57892,"Migrant children sexually exploited to 'pay' for Italy-France crossing, says charity",both
97501,Man accused over Essex lorry deaths is denied bail in Ireland,both
46390,Laura Plummer: confusion over 'pardon' that never was,crime_only
105285,Man charged with assault after far-right targets Coventry asylum seekers,both
79147,Home Office payout for trafficked man detained in mistaken identity mix-up,both
70810,Woman who grabbed Maga hat off man's head facing deportation,both
55554,Long hot summer: how kids can stay safe from gangs,crime_only
108303,"Thanks to the Covid bailout, the stories of small business fraud keep rolling in | Gene Marks",crime_only
126276,Was a serial arsonist hiding in plain sight? – podcasts of the week,neither
58559,Let’s not use the murders of women to score ideological points | Gay Alcorn,crime_only
21818,Home Office targets nail bars over illegal immigration,both
108624,Coalition minister Alan Tudge engaged in ‘criminal’ conduct over detention of Afghan asylum seeker – judge,both
63411,"Employers must check EU nationals' right to work, says minister",immigration_only
73841,TV tonight: how did the Yorkshire Ripper investigation go so wrong?,neither
37248,Joe Arpaio’s prison was a circus of cruelty. Now his values are spreading,both
136490,The TV quiz of the year: from It’s a Sin to Squid Game,neither
26178,Mexican man jumps to his death after being deported from US,immigration_only
2579,We’re all susceptible to swallow our own agendas – but Paul Sheehan has form',neither
114175,Essex lorry deaths: two found guilty over manslaughter of 39 Vietnamese people,both
94874,‘They wanted a better life’: the young Venezuelans escaping into Brazil alone,immigration_only
27566,Arrests as Stansted anti-deportation protesters lock themselves to plane,immigration_only
116446,McDonald & Dodds series two review: far from dark – and all the better for it,neither
15584,Ryder Cup 2016: five key holes at the Hazeltine showdown,neither
11972,Most of those arrested at Byron burger chain have been removed from UK,both
48200,Robert Mueller drops many charges against ex-Trump aide cooperating in Russia inquiry,crime_only
106807,Three men charged with terror offences in Northern Ireland,crime_only
123765,Fewer than one in 60 rape cases lead to charge in England and Wales,crime_only
111831,Fifth of crimes involved domestic abuse in first England and Wales lockdown,crime_only
148369,"Aung San Suu Kyi moved to solitary confinement, says Myanmar junta",crime_only
115542,CPS accused of 'systemic illegality' in charging rape cases,crime_only
65141,So now the government wants non-EU doctors for the NHS? What hypocrites | Owen Jones,immigration_only
47575,Trump says he supports immigration plan with a pathway for Dreamers,immigration_only
26727,Trump plans to greatly expand number of immigrants targeted for deportation,immigration_only
55841,EU migration deal: what was agreed and will it work?,immigration_only
108922,Have Your Passport Ready review – step inside the asylum system,immigration_only
80066,Refugee tales and migration – four books that help us understand a crisis,immigration_only
80500,"Premier League clubs should bail out Bolton and Bury, says Nigel Clough",neither
148368,"Lucy Bronze: ‘I had offers from Lyon and Barça, the world’s best teams’",neither
137690,The Observer view on the EHRC decision on Scotland’s gender recognition reforms | Observer editorial,neither
97457,Armed protesters demonstrate against Covid-19 lockdown at Michigan capitol,crime_only
88062,"TV tonight: the tender, touching poetry of Seamus Heaney",neither
82061,'It's not entertainment': hundreds hold Mueller report read-a-thons,neither
58584,Labour MP given added police security after death threats,crime_only
125346,Greek police arrest Dutch journalist for helping Afghan asylum seeker,both
84911,Trump sets cap for refugee admission at an all-time low,immigration_only
9898,Euro 2016 quarter-finals: who will win?,neither
89209,Wilson Security settles out of court with refugee who alleges Nauru guard raped her,both
36912,Secret NHS cost-cutting drive to reduce hospital referrals revealed,neither
14489,Trump spells out immigration policy but leaves deportation question open,immigration_only
134957,Manchester United meet Ernesto Valverde with Pochettino still in sights,neither
79147,Home Office payout for trafficked man detained in mistaken identity mix-up,both
55062,Lee Rhiannon announces retirement as Greens senator,neither
76396,Could you beat Leo to the buzzer? Take our superhard University Challenge quiz,neither
137366,Eco changes at home – worth doing or a waste of energy? Try our sustainability quiz to find out,neither
51398,The changing shape of Australia's immigration policy,immigration_only
17633,Nauru police charge person with indecent assault of six-year-old asylum seeker,both
26128,Quiz: how much do you know about the sustainable development goals?,neither
47397,Rise in recorded crime is accelerating in England and Wales,crime_only
99739,Police smash people-smuggling ring 'linked to Essex lorry deaths',both
70810,Woman who grabbed Maga hat off man's head facing deportation,both
105602,Are asylum seekers really living in luxury hotels? – Q&A,immigration_only
79327,Far-right suspect confesses to killing German politician,crime_only
115210,"Refugee rights 'under attack' at Europe's borders, UN warns",immigration_only
61060,Man arrested over death of convicted murderer's wife,crime_only
49540,Emmanuel Macron unveils plans to crack down on immigration,immigration_only
130912,Octopus hearts and giraffe neck bones: the Guardian Saturday kids’ quiz,neither
47458,Surge in recorded crime spells trouble for Theresa May,crime_only
43678,Christmas gift guide 2017,neither
57754,The 19 black radicals who are still in prison after four decades,crime_only
103496,Russia jails former US marine for nine years for police assault,crime_only
140897,"Villawood, Australia’s largest immigration detention centre, said to be ‘awash with drugs’",both
108520,"Immigrant representation on TV over-emphasizes criminality, study finds",both
75747,Homicides in England reach highest level in a decade,crime_only
121495,Derek Chauvin was found guilty – how typical is that of US police who kill?,crime_only
131007,Violence against women won’t be solved by increasing police powers | Aviah Day,crime_only
65590,Northern rail plan to remove train guards faces statutory opposition,neither
77085,Peter Dutton's department regains control of refugee settlement services,immigration_only
127853,"Deadline day transfers: Moise Kean to Juventus, Édouard joins Crystal Palace",neither
49214,Citizenship agency removes description of US as 'nation of immigrants',immigration_only
139474,What are the visa rules for Ukrainians wishing to come to UK?,immigration_only
17799,The Observer view on making prisons less dangerous | Observer editorial,crime_only
57873,Trump threatens government shutdown over immigration,immigration_only
108624,Coalition minister Alan Tudge engaged in ‘criminal’ conduct over detention of Afghan asylum seeker – judge,both
44914,New York City on track to end year with sharp drop in murder rate,crime_only
42754,Rape victim arrested on immigration charges after going to police,both
21228,Chatterbox: New Year's Eve,neither
2665,Theresa May criticised for 'compassion quota'  in asylum strategy,immigration_only
100951,"Despite U-turns, migrants are being failed miserably | Kenan Malik",immigration_only
34971,Record number of criminals have sentences increased,crime_only
77521,European election latest results 2019: across the UK,neither
116357,People-smuggling gang members jailed over Essex lorry deaths,both
94375,"Extra officers must lead to less crime, Priti Patel tells police chiefs",crime_only
29613,"Violent crime rising in England and Wales, police figures show",crime_only
87534,Labour poised to block bid for 12 December general election,neither
15640,SBS employee's conviction for drunken Facebook post quashed,crime_only
124039,US journalist Barrett Brown arrested in the UK on incitement offences,both
65509,Refugee agency accused of helping deport relatives of migrant children,both
62323,Former UBS trader to remain in detention as he fights deportation,both
43826,Moped gang to face jail after raids on 17 mobile phone shops in London,crime_only
82026,Manchester United relaxed about lack of technical director one year on,neither
55952,Manchester United relaxed about lack of technical director one year on,immigration_only
