group,n_pairs,net_neutral,fraction_neutral,fraction_entailment,fraction_contradiction,threshold_0_5_neutral,threshold_0_5_entailment,threshold_0_5_contradiction
Balkan,300,0.1124868889898061,0.0,0.6766666666666666,0.3233333333333333,0.0,0.6266666666666667,0.28
Baltic,150,0.1007199716071287,0.0,0.3666666666666666,0.6333333333333333,0.0,0.2533333333333333,0.5
Central-Africa,550,0.156820096746087,0.0,0.4090909090909091,0.5909090909090909,0.0,0.3127272727272727,0.4309090909090909
Centre-South-America,850,0.1492649301557856,0.0058823529411764,0.3717647058823529,0.6223529411764706,0.0,0.2905882352941176,0.5047058823529412
East-Asia,250,0.2095704519748688,0.0,0.164,0.836,0.0,0.112,0.7
East-Europe,450,0.1445055159760846,0.02,0.4066666666666667,0.5733333333333334,0.0,0.3644444444444444,0.4688888888888889
MDW,900,0.1822309851335982,0.0955555555555555,0.5288888888888889,0.3755555555555555,0.0211111111111111,0.4255555555555556,0.2544444444444444
North-Africa,200,0.1337302665412426,0.0,0.16,0.84,0.0,0.105,0.73
South-Asia,200,0.1678371222689748,0.03,0.515,0.455,0.0,0.47,0.245
South-West-Asia,450,0.2796418581240707,0.0644444444444444,0.1333333333333333,0.8022222222222222,0.0088888888888888,0.0444444444444444,0.5288888888888889
Southern-Europe,200,0.1442368067428469,0.0,0.495,0.505,0.0,0.415,0.485
